<?xml version="1.0"?>
<Runs Version="1" Minor="0">
	<Run Id="synth_1" LaunchDir="C:/Users/quent/Documents/HES-SO__Local/LPSC_labo/lpsc-mandelbrot/designs/vivado/lpsc_mandelbrot_firmware/2021.2/lin64/lpsc_mandelbrot_firmware/lpsc_mandelbrot_firmware.runs/synth_1" FlowId="Vivado_Synthesis" FromStepId="vivado" ToStepId="vivado"/>
	<Run Id="impl_1" LaunchDir="C:/Users/quent/Documents/HES-SO__Local/LPSC_labo/lpsc-mandelbrot/designs/vivado/lpsc_mandelbrot_firmware/2021.2/lin64/lpsc_mandelbrot_firmware/lpsc_mandelbrot_firmware.runs/impl_1" FlowId="Vivado_Implementation" FromStepId="init_design" ToStepId="route_design">
		<Parent Id="synth_1"/>
	</Run>
	<Parameters>
		<Parameter Name="runs.monitorLSFJobs" Val="true" Type="bool"/>
		<Parameter Name="runs.enableClusterConf" Val="true" Type="bool"/>
	</Parameters>
</Runs>

