<?xml version="1.0" encoding="UTF-8"?>
<GenRun Id="blocCalcul_v1_mult_gen_0_1_synth_1" LaunchPart="xc7a200tsbg484-1" LaunchTime="1652432317">
  <File Type="PA-TCL" Name="blocCalcul_v1_mult_gen_0_1.tcl"/>
  <File Type="REPORTS-TCL" Name="blocCalcul_v1_mult_gen_0_1_reports.tcl"/>
  <File Type="RDS-RDS" Name="blocCalcul_v1_mult_gen_0_1.vds"/>
  <File Type="RDS-UTIL" Name="blocCalcul_v1_mult_gen_0_1_utilization_synth.rpt"/>
  <File Type="RDS-UTIL-PB" Name="blocCalcul_v1_mult_gen_0_1_utilization_synth.pb"/>
  <File Type="RDS-DCP" Name="blocCalcul_v1_mult_gen_0_1.dcp"/>
  <FileSet Name="sources" Type="BlockSrcs" RelSrcDir="$PSRCDIR/blocCalcul_v1_mult_gen_0_1">
    <File Path="$PSRCDIR/sources_1/bd/blocCalcul_v1/ip/blocCalcul_v1_mult_gen_0_1/blocCalcul_v1_mult_gen_0_1.xci">
      <FileInfo>
        <Attr Name="Library" Val="xil_defaultlib"/>
        <Attr Name="UsedIn" Val="synthesis"/>
        <Attr Name="UsedIn" Val="implementation"/>
        <Attr Name="UsedIn" Val="simulation"/>
      </FileInfo>
    </File>
    <Config>
      <Option Name="TopModule" Val="blocCalcul_v1_mult_gen_0_1"/>
      <Option Name="UseBlackboxStub" Val="1"/>
    </Config>
  </FileSet>
  <FileSet Name="constrs_in" Type="BlockSrcs" RelSrcDir="$PSRCDIR/blocCalcul_v1_mult_gen_0_1">
    <File Path="$PSRCDIR/sources_1/bd/blocCalcul_v1/ip/blocCalcul_v1_mult_gen_0_1/blocCalcul_v1_mult_gen_0_1.xci">
      <FileInfo>
        <Attr Name="Library" Val="xil_defaultlib"/>
        <Attr Name="UsedIn" Val="synthesis"/>
        <Attr Name="UsedIn" Val="implementation"/>
        <Attr Name="UsedIn" Val="simulation"/>
      </FileInfo>
    </File>
    <Config>
      <Option Name="TopModule" Val="blocCalcul_v1_mult_gen_0_1"/>
      <Option Name="UseBlackboxStub" Val="1"/>
    </Config>
  </FileSet>
  <FileSet Name="utils" Type="Utils" RelSrcDir="$PSRCDIR/utils_1">
    <Filter Type="Utils"/>
    <Config>
      <Option Name="TopAutoSet" Val="TRUE"/>
    </Config>
  </FileSet>
  <Strategy Version="1" Minor="2">
    <StratHandle Name="Vivado Synthesis Defaults" Flow="Vivado Synthesis 2021"/>
    <Step Id="synth_design"/>
  </Strategy>
</GenRun>
