<?xml version="1.0" encoding="UTF-8"?>
<GenRun Id="genTOhdmi_synth_1" LaunchPart="xc7a200tsbg484-1" LaunchTime="1650990757">
  <File Type="PA-TCL" Name="genTOhdmi.tcl"/>
  <File Type="REPORTS-TCL" Name="genTOhdmi_reports.tcl"/>
  <File Type="RDS-RDS" Name="genTOhdmi.vds"/>
  <File Type="RDS-UTIL" Name="genTOhdmi_utilization_synth.rpt"/>
  <File Type="RDS-UTIL-PB" Name="genTOhdmi_utilization_synth.pb"/>
  <File Type="RDS-DCP" Name="genTOhdmi.dcp"/>
  <FileSet Name="sources" Type="BlockSrcs" RelSrcDir="$PSRCDIR/genTOhdmi">
    <File Path="$PSRCDIR/sources_1/ip/genTOhdmi/genTOhdmi.xci">
      <FileInfo>
        <Attr Name="UsedIn" Val="synthesis"/>
        <Attr Name="UsedIn" Val="implementation"/>
        <Attr Name="UsedIn" Val="simulation"/>
      </FileInfo>
    </File>
    <Config>
      <Option Name="TopModule" Val="genTOhdmi"/>
      <Option Name="UseBlackboxStub" Val="1"/>
    </Config>
  </FileSet>
  <FileSet Name="constrs_in" Type="BlockSrcs" RelSrcDir="$PSRCDIR/genTOhdmi">
    <File Path="$PSRCDIR/sources_1/ip/genTOhdmi/genTOhdmi.xci">
      <FileInfo>
        <Attr Name="UsedIn" Val="synthesis"/>
        <Attr Name="UsedIn" Val="implementation"/>
        <Attr Name="UsedIn" Val="simulation"/>
      </FileInfo>
    </File>
    <Config>
      <Option Name="TopModule" Val="genTOhdmi"/>
      <Option Name="UseBlackboxStub" Val="1"/>
    </Config>
  </FileSet>
  <FileSet Name="utils" Type="Utils" RelSrcDir="$PSRCDIR/utils_1">
    <Filter Type="Utils"/>
    <File Path="$PSRCDIR/utils_1/imports/synth_1/lpsc_mandelbrot_firmware.dcp">
      <FileInfo>
        <Attr Name="UsedIn" Val="synthesis"/>
        <Attr Name="UsedIn" Val="implementation"/>
        <Attr Name="UsedInSteps" Val="synth_1"/>
        <Attr Name="AutoDcp" Val="1"/>
      </FileInfo>
    </File>
    <Config>
      <Option Name="TopAutoSet" Val="TRUE"/>
    </Config>
  </FileSet>
  <Strategy Version="1" Minor="2">
    <StratHandle Name="Vivado Synthesis Defaults" Flow="Vivado Synthesis 2021"/>
    <Step Id="synth_design"/>
  </Strategy>
</GenRun>
