<?xml version="1.0" encoding="UTF-8"?>
<GenRun Id="mandelbrot_stateMachine_0_synth_1" LaunchPart="xc7a200tsbg484-1" LaunchTime="1653054661">
  <File Type="PA-TCL" Name="mandelbrot_stateMachine_0.tcl"/>
  <File Type="REPORTS-TCL" Name="mandelbrot_stateMachine_0_reports.tcl"/>
  <File Type="RDS-RDS" Name="mandelbrot_stateMachine_0.vds"/>
  <File Type="RDS-UTIL" Name="mandelbrot_stateMachine_0_utilization_synth.rpt"/>
  <File Type="RDS-UTIL-PB" Name="mandelbrot_stateMachine_0_utilization_synth.pb"/>
  <File Type="RDS-DCP" Name="mandelbrot_stateMachine_0.dcp"/>
  <FileSet Name="sources" Type="BlockSrcs" RelSrcDir="$PSRCDIR/mandelbrot_stateMachine_0">
    <File Path="$PSRCDIR/sources_1/ip/mandelbrot_stateMachine_0/mandelbrot_stateMachine_0.xci">
      <FileInfo>
        <Attr Name="UsedIn" Val="synthesis"/>
        <Attr Name="UsedIn" Val="implementation"/>
        <Attr Name="UsedIn" Val="simulation"/>
      </FileInfo>
    </File>
    <Config>
      <Option Name="TopModule" Val="mandelbrot_stateMachine_0"/>
      <Option Name="UseBlackboxStub" Val="1"/>
    </Config>
  </FileSet>
  <FileSet Name="constrs_in" Type="BlockSrcs" RelSrcDir="$PSRCDIR/mandelbrot_stateMachine_0">
    <File Path="$PSRCDIR/sources_1/ip/mandelbrot_stateMachine_0/mandelbrot_stateMachine_0.xci">
      <FileInfo>
        <Attr Name="UsedIn" Val="synthesis"/>
        <Attr Name="UsedIn" Val="implementation"/>
        <Attr Name="UsedIn" Val="simulation"/>
      </FileInfo>
    </File>
    <Config>
      <Option Name="TopModule" Val="mandelbrot_stateMachine_0"/>
      <Option Name="UseBlackboxStub" Val="1"/>
    </Config>
  </FileSet>
  <FileSet Name="utils" Type="Utils" RelSrcDir="$PSRCDIR/utils_1">
    <Filter Type="Utils"/>
    <File Path="$PSRCDIR/utils_1/imports/synth_1/lpsc_mandelbrot_firmware.dcp">
      <FileInfo>
        <Attr Name="UsedIn" Val="synthesis"/>
        <Attr Name="UsedIn" Val="implementation"/>
        <Attr Name="UsedInSteps" Val="synth_1"/>
        <Attr Name="AutoDcp" Val="1"/>
      </FileInfo>
    </File>
    <File Path="$PPRDIR/../../../../../../../Users/quent/Documents/HES-SO__Local/LPSC_labo/lpsc-mandelbrot/designs/vivado/lpsc_mandelbrot_firmware/2021.2/lin64/lpsc_mandelbrot_firmware/lpsc_mandelbrot_firmware.srcs/utils_1/imports/synth_1/lpsc_mandelbrot_firmware.dcp">
      <FileInfo>
        <Attr Name="UsedIn" Val="synthesis"/>
        <Attr Name="UsedIn" Val="implementation"/>
        <Attr Name="UsedInSteps" Val="synth_1"/>
        <Attr Name="AutoDcp" Val="1"/>
      </FileInfo>
    </File>
    <Config>
      <Option Name="TopAutoSet" Val="TRUE"/>
    </Config>
  </FileSet>
  <Strategy Version="1" Minor="2">
    <StratHandle Name="Vivado Synthesis Defaults" Flow="Vivado Synthesis 2021"/>
    <Step Id="synth_design"/>
  </Strategy>
</GenRun>
