<?xml version="1.0" encoding="UTF-8"?>
<GenRun Id="synth_1" LaunchPart="xc7a200tsbg484-1" LaunchTime="1653051740" LaunchIncrCheckpoint="$PSRCDIR/utils_1/imports/synth_1/mandelbrot_tl.dcp">
  <File Type="PA-TCL" Name="mandelbrot_tl.tcl"/>
  <File Type="RDS-PROPCONSTRS" Name="mandelbrot_tl_drc_synth.rpt"/>
  <File Type="REPORTS-TCL" Name="mandelbrot_tl_reports.tcl"/>
  <File Type="RDS-RDS" Name="mandelbrot_tl.vds"/>
  <File Type="RDS-UTIL" Name="mandelbrot_tl_utilization_synth.rpt"/>
  <File Type="RDS-UTIL-PB" Name="mandelbrot_tl_utilization_synth.pb"/>
  <File Type="RDS-DCP" Name="mandelbrot_tl.dcp"/>
  <File Type="VDS-TIMINGSUMMARY" Name="mandelbrot_tl_timing_summary_synth.rpt"/>
  <File Type="VDS-TIMING-PB" Name="mandelbrot_tl_timing_summary_synth.pb"/>
  <FileSet Name="sources" Type="DesignSrcs" RelSrcDir="$PSRCDIR/sources_1" RelGenDir="$PGENDIR/sources_1">
    <Filter Type="Srcs"/>
    <File Path="$PSRCDIR/sources_1/imports/Desktop/fixed_pkg_c.vhd">
      <FileInfo>
        <Attr Name="Library" Val="ieee_perso"/>
        <Attr Name="ImportPath" Val="$PPRDIR/../../../../../../../Users/quent/Desktop/fixed_pkg_c.vhd"/>
        <Attr Name="ImportTime" Val="1652201805"/>
        <Attr Name="UsedIn" Val="synthesis"/>
        <Attr Name="UsedIn" Val="simulation"/>
      </FileInfo>
    </File>
    <File Path="$PSRCDIR/sources_1/imports/Desktop/fixed_float_types_c.vhd">
      <FileInfo>
        <Attr Name="Library" Val="ieee_perso"/>
        <Attr Name="ImportPath" Val="$PPRDIR/../../../../../../../Users/quent/Desktop/fixed_float_types_c.vhd"/>
        <Attr Name="ImportTime" Val="1652201793"/>
        <Attr Name="UsedIn" Val="synthesis"/>
        <Attr Name="UsedIn" Val="simulation"/>
      </FileInfo>
    </File>
    <File Path="$PSRCDIR/sources_1/new/mandelbrot_generator.vhd">
      <FileInfo SFType="VHDL2008">
        <Attr Name="Library" Val="xil_defaultlib"/>
        <Attr Name="UsedIn" Val="synthesis"/>
        <Attr Name="UsedIn" Val="simulation"/>
      </FileInfo>
    </File>
    <File Path="$PSRCDIR/sources_1/new/mandelbrot_tl.vhd">
      <FileInfo SFType="VHDL2008">
        <Attr Name="UsedIn" Val="synthesis"/>
        <Attr Name="UsedIn" Val="simulation"/>
      </FileInfo>
    </File>
    <File Path="$PSRCDIR/sources_1/bd/blocCalcul_v1/blocCalcul_v1.bd">
      <FileInfo>
        <Attr Name="UserDisabled" Val="1"/>
        <Attr Name="UsedIn" Val="synthesis"/>
        <Attr Name="UsedIn" Val="implementation"/>
        <Attr Name="UsedIn" Val="simulation"/>
      </FileInfo>
    </File>
    <File Path="$PPRDIR/../mandelbrotgenerator/component.xml">
      <FileInfo SFType="IPXACT"/>
    </File>
    <Config>
      <Option Name="DesignMode" Val="RTL"/>
      <Option Name="TopModule" Val="mandelbrot_tl"/>
      <Option Name="TopAutoSet" Val="TRUE"/>
    </Config>
  </FileSet>
  <FileSet Name="constrs_in" Type="Constrs" RelSrcDir="$PSRCDIR/constrs_1">
    <Filter Type="Constrs"/>
    <Config>
      <Option Name="ConstrsType" Val="XDC"/>
    </Config>
  </FileSet>
  <FileSet Name="utils" Type="Utils" RelSrcDir="$PSRCDIR/utils_1">
    <Filter Type="Utils"/>
    <File Path="$PSRCDIR/utils_1/imports/synth_1/mandelbrot_tl.dcp">
      <FileInfo>
        <Attr Name="UsedIn" Val="synthesis"/>
        <Attr Name="UsedIn" Val="implementation"/>
        <Attr Name="UsedInSteps" Val="synth_1"/>
        <Attr Name="AutoDcp" Val="1"/>
      </FileInfo>
    </File>
    <Config>
      <Option Name="TopAutoSet" Val="TRUE"/>
    </Config>
  </FileSet>
  <Strategy Version="1" Minor="2">
    <StratHandle Name="Vivado Synthesis Defaults" Flow="Vivado Synthesis 2021"/>
    <Step Id="synth_design"/>
  </Strategy>
</GenRun>
