<?xml version="1.0" encoding="UTF-8"?>
<GenRun Id="synth_1" LaunchPart="xc7a200tsbg484-1" LaunchTime="1653381510" LaunchIncrCheckpoint="$PPRDIR/../../../../../../../Users/quent/Documents/HES-SO__Local/LPSC_labo/lpsc-mandelbrot/designs/vivado/lpsc_mandelbrot_firmware/2021.2/lin64/lpsc_mandelbrot_firmware/lpsc_mandelbrot_firmware.srcs/utils_1/imports/synth_1/lpsc_mandelbrot_firmware.dcp">
  <File Type="PA-TCL" Name="lpsc_mandelbrot_firmware.tcl"/>
  <File Type="RDS-PROPCONSTRS" Name="lpsc_mandelbrot_firmware_drc_synth.rpt"/>
  <File Type="REPORTS-TCL" Name="lpsc_mandelbrot_firmware_reports.tcl"/>
  <File Type="RDS-RDS" Name="lpsc_mandelbrot_firmware.vds"/>
  <File Type="RDS-UTIL" Name="lpsc_mandelbrot_firmware_utilization_synth.rpt"/>
  <File Type="RDS-UTIL-PB" Name="lpsc_mandelbrot_firmware_utilization_synth.pb"/>
  <File Type="RDS-DCP" Name="lpsc_mandelbrot_firmware.dcp"/>
  <File Type="VDS-TIMINGSUMMARY" Name="lpsc_mandelbrot_firmware_timing_summary_synth.rpt"/>
  <File Type="VDS-TIMING-PB" Name="lpsc_mandelbrot_firmware_timing_summary_synth.pb"/>
  <FileSet Name="sources" Type="DesignSrcs" RelSrcDir="$PSRCDIR/sources_1" RelGenDir="$PGENDIR/sources_1">
    <Filter Type="Srcs"/>
    <File Path="$PPRDIR/../../../../../../ips/hw/lpsc_clk_mandelbrot/src/ip_core/clk_mandelbrot/clk_mandelbrot.xci">
      <FileInfo>
        <Attr Name="UsedIn" Val="synthesis"/>
        <Attr Name="UsedIn" Val="implementation"/>
        <Attr Name="UsedIn" Val="simulation"/>
      </FileInfo>
    </File>
    <File Path="$PPRDIR/../../../../../../ips/hw/lpsc_hdmi/src/ip_core/clk_vga_hdmi_1024x768/clk_vga_hdmi_1024x768.xci">
      <FileInfo>
        <Attr Name="UsedIn" Val="synthesis"/>
        <Attr Name="UsedIn" Val="implementation"/>
        <Attr Name="UsedIn" Val="simulation"/>
      </FileInfo>
    </File>
    <File Path="$PPRDIR/../../../../../../ips/hw/lpsc_hdmi/src/ip_core/clk_vga_hdmi_800x600/clk_vga_hdmi_800x600.xci">
      <FileInfo>
        <Attr Name="UsedIn" Val="synthesis"/>
        <Attr Name="UsedIn" Val="implementation"/>
        <Attr Name="UsedIn" Val="simulation"/>
      </FileInfo>
    </File>
    <File Path="$PPRDIR/../../../../../../ips/hw/lpsc_hdmi/src/ip_core/clk_vga_hdmi_640x480/clk_vga_hdmi_640x480.xci">
      <FileInfo>
        <Attr Name="UsedIn" Val="synthesis"/>
        <Attr Name="UsedIn" Val="implementation"/>
        <Attr Name="UsedIn" Val="simulation"/>
      </FileInfo>
    </File>
    <File Path="$PPRDIR/../../../../../../ips/hw/lpsc_hdmi/src/ip_core/clk_vga_hdmi_1024x600/clk_vga_hdmi_1024x600.xci">
      <FileInfo>
        <Attr Name="UsedIn" Val="synthesis"/>
        <Attr Name="UsedIn" Val="implementation"/>
        <Attr Name="UsedIn" Val="simulation"/>
      </FileInfo>
    </File>
    <File Path="$PSRCDIR/sources_1/imports/c_gen/ComplexValueGenerator.vhd">
      <FileInfo>
        <Attr Name="ImportPath" Val="$PPRDIR/../../../../../../../Users/quent/Downloads/c_gen/ComplexValueGenerator.vhd"/>
        <Attr Name="ImportTime" Val="1523883637"/>
        <Attr Name="UsedIn" Val="synthesis"/>
        <Attr Name="UsedIn" Val="simulation"/>
      </FileInfo>
    </File>
    <File Path="$PPRDIR/../../../../../../packages/hw/lpsc_hdmi_interface_pkg/src/hdl/lpsc_hdmi_interface_pkg.vhd">
      <FileInfo SFType="VHDL2008">
        <Attr Name="Library" Val="lpsc_lib"/>
        <Attr Name="UsedIn" Val="synthesis"/>
        <Attr Name="UsedIn" Val="simulation"/>
      </FileInfo>
    </File>
    <File Path="$PPRDIR/../../../../../../ips/hw/lpsc_hdmi/src/hdl/vga_stripes.vhd">
      <FileInfo SFType="VHDL2008">
        <Attr Name="UsedIn" Val="synthesis"/>
        <Attr Name="UsedIn" Val="simulation"/>
      </FileInfo>
    </File>
    <File Path="$PPRDIR/../../../../../../ips/hw/lpsc_hdmi/src/hdl/vga_controler.vhd">
      <FileInfo SFType="VHDL2008">
        <Attr Name="UsedIn" Val="synthesis"/>
        <Attr Name="UsedIn" Val="simulation"/>
      </FileInfo>
    </File>
    <File Path="$PPRDIR/../../../../../../ips/hw/lpsc_hdmi/src/hdl/vga.vhd">
      <FileInfo SFType="VHDL2008">
        <Attr Name="UsedIn" Val="synthesis"/>
        <Attr Name="UsedIn" Val="simulation"/>
      </FileInfo>
    </File>
    <File Path="$PPRDIR/../../../../../../ips/hw/lpsc_hdmi/src/hdl/tmds_encoder.vhd">
      <FileInfo SFType="VHDL2008">
        <Attr Name="UsedIn" Val="synthesis"/>
        <Attr Name="UsedIn" Val="simulation"/>
      </FileInfo>
    </File>
    <File Path="$PPRDIR/../../../../../../ips/hw/lpsc_hdmi/src/hdl/serializer_10_to_1.vhd">
      <FileInfo SFType="VHDL2008">
        <Attr Name="UsedIn" Val="synthesis"/>
        <Attr Name="UsedIn" Val="simulation"/>
      </FileInfo>
    </File>
    <File Path="$PPRDIR/../../../../../../ips/hw/lpsc_hdmi/src/hdl/vga_to_hdmi.vhd">
      <FileInfo SFType="VHDL2008">
        <Attr Name="UsedIn" Val="synthesis"/>
        <Attr Name="UsedIn" Val="simulation"/>
      </FileInfo>
    </File>
    <File Path="$PPRDIR/../../../../../../ips/hw/lpsc_hdmi/src/hdl/lpsc_hdmi.vhd">
      <FileInfo SFType="VHDL2008">
        <Attr Name="UsedIn" Val="synthesis"/>
        <Attr Name="UsedIn" Val="simulation"/>
      </FileInfo>
    </File>
    <File Path="$PPRDIR/../../../../../../ips/hw/lpsc_image_generator/src/hdl/lpsc_image_generator.vhd">
      <FileInfo SFType="VHDL2008">
        <Attr Name="UsedIn" Val="synthesis"/>
        <Attr Name="UsedIn" Val="simulation"/>
      </FileInfo>
    </File>
    <File Path="$PPRDIR/../../src/hdl/lpsc_mandelbrot_firmware.vhd">
      <FileInfo SFType="VHDL2008">
        <Attr Name="UsedIn" Val="synthesis"/>
        <Attr Name="UsedIn" Val="simulation"/>
      </FileInfo>
    </File>
    <Config>
      <Option Name="DesignMode" Val="RTL"/>
      <Option Name="TopModule" Val="lpsc_mandelbrot_firmware"/>
    </Config>
  </FileSet>
  <FileSet Name="constrs_in" Type="Constrs" RelSrcDir="$PSRCDIR/constrs_1">
    <Filter Type="Constrs"/>
    <File Path="$PPRDIR/../../src/constrs/lpsc_mandelbrot_firmware.xdc">
      <FileInfo>
        <Attr Name="UsedIn" Val="synthesis"/>
        <Attr Name="UsedIn" Val="implementation"/>
      </FileInfo>
    </File>
    <File Path="$PPRDIR/../../src/constrs/lpsc_mandelbrot_debug.xdc">
      <FileInfo>
        <Attr Name="UsedIn" Val="synthesis"/>
        <Attr Name="UsedIn" Val="implementation"/>
      </FileInfo>
    </File>
    <Config>
      <Option Name="ConstrsType" Val="XDC"/>
    </Config>
  </FileSet>
  <FileSet Name="utils" Type="Utils" RelSrcDir="$PSRCDIR/utils_1">
    <Filter Type="Utils"/>
    <File Path="$PSRCDIR/utils_1/imports/synth_1/lpsc_mandelbrot_firmware.dcp">
      <FileInfo>
        <Attr Name="UsedIn" Val="synthesis"/>
        <Attr Name="UsedIn" Val="implementation"/>
        <Attr Name="UsedInSteps" Val="synth_1"/>
        <Attr Name="AutoDcp" Val="1"/>
      </FileInfo>
    </File>
    <File Path="$PPRDIR/../../../../../../../Users/quent/Documents/HES-SO__Local/LPSC_labo/lpsc-mandelbrot/designs/vivado/lpsc_mandelbrot_firmware/2021.2/lin64/lpsc_mandelbrot_firmware/lpsc_mandelbrot_firmware.srcs/utils_1/imports/synth_1/lpsc_mandelbrot_firmware.dcp">
      <FileInfo>
        <Attr Name="UsedIn" Val="synthesis"/>
        <Attr Name="UsedIn" Val="implementation"/>
        <Attr Name="UsedInSteps" Val="synth_1"/>
        <Attr Name="AutoDcp" Val="1"/>
      </FileInfo>
    </File>
    <Config>
      <Option Name="TopAutoSet" Val="TRUE"/>
    </Config>
  </FileSet>
  <Strategy Version="1" Minor="2">
    <StratHandle Name="Vivado Synthesis Defaults" Flow="Vivado Synthesis 2021"/>
    <Step Id="synth_design"/>
  </Strategy>
  <BlockFileSet Type="BlockSrcs" Name="genTOhdmi"/>
  <BlockFileSet Type="BlockSrcs" Name="mandelbrot_stateMachine_0"/>
</GenRun>
