<?xml version="1.0"?>
<Runs Version="1" Minor="0">
	<Run Id="blocCalcul_v1_mult_gen_2_0_synth_1" LaunchDir="C:/lpsc-mandelbrot/designs/vivado/lpsc_mandelbrot_firmware/2021.2/lin64/mandelbrotGenerator/mandelbrotGenerator.runs/blocCalcul_v1_mult_gen_2_0_synth_1" FlowId="Vivado_Synthesis" FromStepId="vivado" ToStepId="vivado"/>
	<Run Id="blocCalcul_v1_c_addsub_0_1_synth_1" LaunchDir="C:/lpsc-mandelbrot/designs/vivado/lpsc_mandelbrot_firmware/2021.2/lin64/mandelbrotGenerator/mandelbrotGenerator.runs/blocCalcul_v1_c_addsub_0_1_synth_1" FlowId="Vivado_Synthesis" FromStepId="vivado" ToStepId="vivado"/>
	<Run Id="blocCalcul_v1_util_vector_logic_0_0_synth_1" LaunchDir="C:/lpsc-mandelbrot/designs/vivado/lpsc_mandelbrot_firmware/2021.2/lin64/mandelbrotGenerator/mandelbrotGenerator.runs/blocCalcul_v1_util_vector_logic_0_0_synth_1" FlowId="Vivado_Synthesis" FromStepId="vivado" ToStepId="vivado"/>
	<Run Id="blocCalcul_v1_mult_gen_0_1_synth_1" LaunchDir="C:/lpsc-mandelbrot/designs/vivado/lpsc_mandelbrot_firmware/2021.2/lin64/mandelbrotGenerator/mandelbrotGenerator.runs/blocCalcul_v1_mult_gen_0_1_synth_1" FlowId="Vivado_Synthesis" FromStepId="vivado" ToStepId="vivado"/>
	<Run Id="blocCalcul_v1_c_addsub_0_2_synth_1" LaunchDir="C:/lpsc-mandelbrot/designs/vivado/lpsc_mandelbrot_firmware/2021.2/lin64/mandelbrotGenerator/mandelbrotGenerator.runs/blocCalcul_v1_c_addsub_0_2_synth_1" FlowId="Vivado_Synthesis" FromStepId="vivado" ToStepId="vivado"/>
	<Run Id="blocCalcul_v1_mult_gen_0_2_synth_1" LaunchDir="C:/lpsc-mandelbrot/designs/vivado/lpsc_mandelbrot_firmware/2021.2/lin64/mandelbrotGenerator/mandelbrotGenerator.runs/blocCalcul_v1_mult_gen_0_2_synth_1" FlowId="Vivado_Synthesis" FromStepId="vivado" ToStepId="vivado"/>
	<Run Id="blocCalcul_v1_c_addsub_0_0_synth_1" LaunchDir="C:/lpsc-mandelbrot/designs/vivado/lpsc_mandelbrot_firmware/2021.2/lin64/mandelbrotGenerator/mandelbrotGenerator.runs/blocCalcul_v1_c_addsub_0_0_synth_1" FlowId="Vivado_Synthesis" FromStepId="vivado" ToStepId="vivado"/>
	<Run Id="blocCalcul_v1_mult_gen_0_0_synth_1" LaunchDir="C:/lpsc-mandelbrot/designs/vivado/lpsc_mandelbrot_firmware/2021.2/lin64/mandelbrotGenerator/mandelbrotGenerator.runs/blocCalcul_v1_mult_gen_0_0_synth_1" FlowId="Vivado_Synthesis" FromStepId="vivado" ToStepId="vivado"/>
	<Run Id="synth_1" LaunchDir="C:/lpsc-mandelbrot/designs/vivado/lpsc_mandelbrot_firmware/2021.2/lin64/mandelbrotGenerator/mandelbrotGenerator.runs/synth_1" FlowId="Vivado_Synthesis" FromStepId="vivado" ToStepId="vivado">
		<Parent Id="blocCalcul_v1_mult_gen_2_0_synth_1"/>
		<Parent Id="blocCalcul_v1_c_addsub_0_1_synth_1"/>
		<Parent Id="blocCalcul_v1_util_vector_logic_0_0_synth_1"/>
		<Parent Id="blocCalcul_v1_mult_gen_0_1_synth_1"/>
		<Parent Id="blocCalcul_v1_c_addsub_0_2_synth_1"/>
		<Parent Id="blocCalcul_v1_mult_gen_0_2_synth_1"/>
		<Parent Id="blocCalcul_v1_c_addsub_0_0_synth_1"/>
		<Parent Id="blocCalcul_v1_mult_gen_0_0_synth_1"/>
	</Run>
	<Parameters>
		<Parameter Name="runs.monitorLSFJobs" Val="true" Type="bool"/>
		<Parameter Name="runs.enableClusterConf" Val="true" Type="bool"/>
	</Parameters>
</Runs>

