<?xml version="1.0" encoding="UTF-8"?>
<GenRun Id="impl_1" LaunchPart="xc7a200tsbg484-1" LaunchTime="1653381510">
  <File Type="ROUTE-PWR" Name="lpsc_mandelbrot_firmware_power_routed.rpt"/>
  <File Type="PA-TCL" Name="lpsc_mandelbrot_firmware.tcl"/>
  <File Type="BITSTR-MMI" Name="lpsc_mandelbrot_firmware.mmi"/>
  <File Type="OPT-METHODOLOGY-DRC" Name="lpsc_mandelbrot_firmware_methodology_drc_opted.rpt"/>
  <File Type="INIT-TIMING" Name="lpsc_mandelbrot_firmware_timing_summary_init.rpt"/>
  <File Type="ROUTE-PWR-SUM" Name="lpsc_mandelbrot_firmware_power_summary_routed.pb"/>
  <File Type="REPORTS-TCL" Name="lpsc_mandelbrot_firmware_reports.tcl"/>
  <File Type="OPT-TIMING" Name="lpsc_mandelbrot_firmware_timing_summary_opted.rpt"/>
  <File Type="OPT-DCP" Name="lpsc_mandelbrot_firmware_opt.dcp"/>
  <File Type="OPT-DRC" Name="lpsc_mandelbrot_firmware_drc_opted.rpt"/>
  <File Type="OPT-HWDEF" Name="lpsc_mandelbrot_firmware.hwdef"/>
  <File Type="PWROPT-DCP" Name="lpsc_mandelbrot_firmware_pwropt.dcp"/>
  <File Type="PWROPT-DRC" Name="lpsc_mandelbrot_firmware_drc_pwropted.rpt"/>
  <File Type="PWROPT-TIMING" Name="lpsc_mandelbrot_firmware_timing_summary_pwropted.rpt"/>
  <File Type="PLACE-DCP" Name="lpsc_mandelbrot_firmware_placed.dcp"/>
  <File Type="PLACE-IO" Name="lpsc_mandelbrot_firmware_io_placed.rpt"/>
  <File Type="PLACE-CLK" Name="lpsc_mandelbrot_firmware_clock_utilization_placed.rpt"/>
  <File Type="PLACE-UTIL" Name="lpsc_mandelbrot_firmware_utilization_placed.rpt"/>
  <File Type="PLACE-UTIL-PB" Name="lpsc_mandelbrot_firmware_utilization_placed.pb"/>
  <File Type="PLACE-CTRL" Name="lpsc_mandelbrot_firmware_control_sets_placed.rpt"/>
  <File Type="PLACE-SIMILARITY" Name="lpsc_mandelbrot_firmware_incremental_reuse_placed.rpt"/>
  <File Type="PLACE-PRE-SIMILARITY" Name="lpsc_mandelbrot_firmware_incremental_reuse_pre_placed.rpt"/>
  <File Type="BG-BIN" Name="lpsc_mandelbrot_firmware.bin"/>
  <File Type="PLACE-TIMING" Name="lpsc_mandelbrot_firmware_timing_summary_placed.rpt"/>
  <File Type="POSTPLACE-PWROPT-DCP" Name="lpsc_mandelbrot_firmware_postplace_pwropt.dcp"/>
  <File Type="BITSTR-MSK" Name="lpsc_mandelbrot_firmware.msk"/>
  <File Type="POSTPLACE-PWROPT-TIMING" Name="lpsc_mandelbrot_firmware_timing_summary_postplace_pwropted.rpt"/>
  <File Type="PHYSOPT-DCP" Name="lpsc_mandelbrot_firmware_physopt.dcp"/>
  <File Type="PHYSOPT-DRC" Name="lpsc_mandelbrot_firmware_drc_physopted.rpt"/>
  <File Type="BITSTR-RBT" Name="lpsc_mandelbrot_firmware.rbt"/>
  <File Type="PHYSOPT-TIMING" Name="lpsc_mandelbrot_firmware_timing_summary_physopted.rpt"/>
  <File Type="ROUTE-ERROR-DCP" Name="lpsc_mandelbrot_firmware_routed_error.dcp"/>
  <File Type="ROUTE-DCP" Name="lpsc_mandelbrot_firmware_routed.dcp"/>
  <File Type="ROUTE-BLACKBOX-DCP" Name="lpsc_mandelbrot_firmware_routed_bb.dcp"/>
  <File Type="ROUTE-DRC" Name="lpsc_mandelbrot_firmware_drc_routed.rpt"/>
  <File Type="ROUTE-DRC-PB" Name="lpsc_mandelbrot_firmware_drc_routed.pb"/>
  <File Type="ROUTE-DRC-RPX" Name="lpsc_mandelbrot_firmware_drc_routed.rpx"/>
  <File Type="ROUTE-METHODOLOGY-DRC" Name="lpsc_mandelbrot_firmware_methodology_drc_routed.rpt"/>
  <File Type="ROUTE-METHODOLOGY-DRC-RPX" Name="lpsc_mandelbrot_firmware_methodology_drc_routed.rpx"/>
  <File Type="ROUTE-METHODOLOGY-DRC-PB" Name="lpsc_mandelbrot_firmware_methodology_drc_routed.pb"/>
  <File Type="ROUTE-PWR-RPX" Name="lpsc_mandelbrot_firmware_power_routed.rpx"/>
  <File Type="ROUTE-STATUS" Name="lpsc_mandelbrot_firmware_route_status.rpt"/>
  <File Type="ROUTE-STATUS-PB" Name="lpsc_mandelbrot_firmware_route_status.pb"/>
  <File Type="ROUTE-TIMINGSUMMARY" Name="lpsc_mandelbrot_firmware_timing_summary_routed.rpt"/>
  <File Type="ROUTE-TIMING-PB" Name="lpsc_mandelbrot_firmware_timing_summary_routed.pb"/>
  <File Type="ROUTE-TIMING-RPX" Name="lpsc_mandelbrot_firmware_timing_summary_routed.rpx"/>
  <File Type="ROUTE-SIMILARITY" Name="lpsc_mandelbrot_firmware_incremental_reuse_routed.rpt"/>
  <File Type="ROUTE-CLK" Name="lpsc_mandelbrot_firmware_clock_utilization_routed.rpt"/>
  <File Type="ROUTE-BUS-SKEW" Name="lpsc_mandelbrot_firmware_bus_skew_routed.rpt"/>
  <File Type="ROUTE-BUS-SKEW-PB" Name="lpsc_mandelbrot_firmware_bus_skew_routed.pb"/>
  <File Type="ROUTE-BUS-SKEW-RPX" Name="lpsc_mandelbrot_firmware_bus_skew_routed.rpx"/>
  <File Type="POSTROUTE-PHYSOPT-DCP" Name="lpsc_mandelbrot_firmware_postroute_physopt.dcp"/>
  <File Type="POSTROUTE-PHYSOPT-BLACKBOX-DCP" Name="lpsc_mandelbrot_firmware_postroute_physopt_bb.dcp"/>
  <File Type="POSTROUTE-PHYSOPT-TIMING" Name="lpsc_mandelbrot_firmware_timing_summary_postroute_physopted.rpt"/>
  <File Type="POSTROUTE-PHYSOPT-TIMING-PB" Name="lpsc_mandelbrot_firmware_timing_summary_postroute_physopted.pb"/>
  <File Type="POSTROUTE-PHYSOPT-TIMING-RPX" Name="lpsc_mandelbrot_firmware_timing_summary_postroute_physopted.rpx"/>
  <File Type="POSTROUTE-PHYSOPT-BUS-SKEW" Name="lpsc_mandelbrot_firmware_bus_skew_postroute_physopted.rpt"/>
  <File Type="BG-BIT" Name="lpsc_mandelbrot_firmware.bit"/>
  <File Type="POSTROUTE-PHYSOPT-BUS-SKEW-PB" Name="lpsc_mandelbrot_firmware_bus_skew_postroute_physopted.pb"/>
  <File Type="POSTROUTE-PHYSOPT-BUS-SKEW-RPX" Name="lpsc_mandelbrot_firmware_bus_skew_postroute_physopted.rpx"/>
  <File Type="BITSTR-NKY" Name="lpsc_mandelbrot_firmware.nky"/>
  <File Type="BITSTR-BMM" Name="lpsc_mandelbrot_firmware_bd.bmm"/>
  <File Type="PDI-FILE" Name="lpsc_mandelbrot_firmware.pdi"/>
  <File Type="RCFI_FILE" Name="lpsc_mandelbrot_firmware.rcfi"/>
  <File Type="CFI_FILE" Name="lpsc_mandelbrot_firmware.cfi"/>
  <File Type="RNPI_FILE" Name="lpsc_mandelbrot_firmware.rnpi"/>
  <File Type="NPI_FILE" Name="lpsc_mandelbrot_firmware.npi"/>
  <File Type="RBD_FILE" Name="lpsc_mandelbrot_firmware.rbd"/>
  <File Type="BITSTR-LTX" Name="debug_nets.ltx"/>
  <File Type="BITSTR-LTX" Name="lpsc_mandelbrot_firmware.ltx"/>
  <File Type="BITSTR-SYSDEF" Name="lpsc_mandelbrot_firmware.sysdef"/>
  <File Type="BG-BGN" Name="lpsc_mandelbrot_firmware.bgn"/>
  <File Type="BG-DRC" Name="lpsc_mandelbrot_firmware.drc"/>
  <File Type="RDI-RDI" Name="lpsc_mandelbrot_firmware.vdi"/>
  <File Type="WBT-USG" Name="usage_statistics_webtalk.html"/>
  <FileSet Name="sources" Type="DesignSrcs" RelSrcDir="$PSRCDIR/sources_1" RelGenDir="$PGENDIR/sources_1">
    <Filter Type="Srcs"/>
    <File Path="$PPRDIR/../../../../../../ips/hw/lpsc_clk_mandelbrot/src/ip_core/clk_mandelbrot/clk_mandelbrot.xci">
      <FileInfo>
        <Attr Name="UsedIn" Val="synthesis"/>
        <Attr Name="UsedIn" Val="implementation"/>
        <Attr Name="UsedIn" Val="simulation"/>
      </FileInfo>
    </File>
    <File Path="$PPRDIR/../../../../../../ips/hw/lpsc_hdmi/src/ip_core/clk_vga_hdmi_1024x768/clk_vga_hdmi_1024x768.xci">
      <FileInfo>
        <Attr Name="UsedIn" Val="synthesis"/>
        <Attr Name="UsedIn" Val="implementation"/>
        <Attr Name="UsedIn" Val="simulation"/>
      </FileInfo>
    </File>
    <File Path="$PPRDIR/../../../../../../ips/hw/lpsc_hdmi/src/ip_core/clk_vga_hdmi_800x600/clk_vga_hdmi_800x600.xci">
      <FileInfo>
        <Attr Name="UsedIn" Val="synthesis"/>
        <Attr Name="UsedIn" Val="implementation"/>
        <Attr Name="UsedIn" Val="simulation"/>
      </FileInfo>
    </File>
    <File Path="$PPRDIR/../../../../../../ips/hw/lpsc_hdmi/src/ip_core/clk_vga_hdmi_640x480/clk_vga_hdmi_640x480.xci">
      <FileInfo>
        <Attr Name="UsedIn" Val="synthesis"/>
        <Attr Name="UsedIn" Val="implementation"/>
        <Attr Name="UsedIn" Val="simulation"/>
      </FileInfo>
    </File>
    <File Path="$PPRDIR/../../../../../../ips/hw/lpsc_hdmi/src/ip_core/clk_vga_hdmi_1024x600/clk_vga_hdmi_1024x600.xci">
      <FileInfo>
        <Attr Name="UsedIn" Val="synthesis"/>
        <Attr Name="UsedIn" Val="implementation"/>
        <Attr Name="UsedIn" Val="simulation"/>
      </FileInfo>
    </File>
    <File Path="$PSRCDIR/sources_1/imports/c_gen/ComplexValueGenerator.vhd">
      <FileInfo>
        <Attr Name="ImportPath" Val="$PPRDIR/../../../../../../../Users/quent/Downloads/c_gen/ComplexValueGenerator.vhd"/>
        <Attr Name="ImportTime" Val="1523883637"/>
        <Attr Name="UsedIn" Val="synthesis"/>
        <Attr Name="UsedIn" Val="simulation"/>
      </FileInfo>
    </File>
    <File Path="$PPRDIR/../../../../../../packages/hw/lpsc_hdmi_interface_pkg/src/hdl/lpsc_hdmi_interface_pkg.vhd">
      <FileInfo SFType="VHDL2008">
        <Attr Name="Library" Val="lpsc_lib"/>
        <Attr Name="UsedIn" Val="synthesis"/>
        <Attr Name="UsedIn" Val="simulation"/>
      </FileInfo>
    </File>
    <File Path="$PPRDIR/../../../../../../ips/hw/lpsc_hdmi/src/hdl/vga_stripes.vhd">
      <FileInfo SFType="VHDL2008">
        <Attr Name="UsedIn" Val="synthesis"/>
        <Attr Name="UsedIn" Val="simulation"/>
      </FileInfo>
    </File>
    <File Path="$PPRDIR/../../../../../../ips/hw/lpsc_hdmi/src/hdl/vga_controler.vhd">
      <FileInfo SFType="VHDL2008">
        <Attr Name="UsedIn" Val="synthesis"/>
        <Attr Name="UsedIn" Val="simulation"/>
      </FileInfo>
    </File>
    <File Path="$PPRDIR/../../../../../../ips/hw/lpsc_hdmi/src/hdl/vga.vhd">
      <FileInfo SFType="VHDL2008">
        <Attr Name="UsedIn" Val="synthesis"/>
        <Attr Name="UsedIn" Val="simulation"/>
      </FileInfo>
    </File>
    <File Path="$PPRDIR/../../../../../../ips/hw/lpsc_hdmi/src/hdl/tmds_encoder.vhd">
      <FileInfo SFType="VHDL2008">
        <Attr Name="UsedIn" Val="synthesis"/>
        <Attr Name="UsedIn" Val="simulation"/>
      </FileInfo>
    </File>
    <File Path="$PPRDIR/../../../../../../ips/hw/lpsc_hdmi/src/hdl/serializer_10_to_1.vhd">
      <FileInfo SFType="VHDL2008">
        <Attr Name="UsedIn" Val="synthesis"/>
        <Attr Name="UsedIn" Val="simulation"/>
      </FileInfo>
    </File>
    <File Path="$PPRDIR/../../../../../../ips/hw/lpsc_hdmi/src/hdl/vga_to_hdmi.vhd">
      <FileInfo SFType="VHDL2008">
        <Attr Name="UsedIn" Val="synthesis"/>
        <Attr Name="UsedIn" Val="simulation"/>
      </FileInfo>
    </File>
    <File Path="$PPRDIR/../../../../../../ips/hw/lpsc_hdmi/src/hdl/lpsc_hdmi.vhd">
      <FileInfo SFType="VHDL2008">
        <Attr Name="UsedIn" Val="synthesis"/>
        <Attr Name="UsedIn" Val="simulation"/>
      </FileInfo>
    </File>
    <File Path="$PPRDIR/../../../../../../ips/hw/lpsc_image_generator/src/hdl/lpsc_image_generator.vhd">
      <FileInfo SFType="VHDL2008">
        <Attr Name="UsedIn" Val="synthesis"/>
        <Attr Name="UsedIn" Val="simulation"/>
      </FileInfo>
    </File>
    <File Path="$PPRDIR/../../src/hdl/lpsc_mandelbrot_firmware.vhd">
      <FileInfo SFType="VHDL2008">
        <Attr Name="UsedIn" Val="synthesis"/>
        <Attr Name="UsedIn" Val="simulation"/>
      </FileInfo>
    </File>
    <Config>
      <Option Name="DesignMode" Val="RTL"/>
      <Option Name="TopModule" Val="lpsc_mandelbrot_firmware"/>
    </Config>
  </FileSet>
  <FileSet Name="constrs_in" Type="Constrs" RelSrcDir="$PSRCDIR/constrs_1">
    <Filter Type="Constrs"/>
    <File Path="$PPRDIR/../../src/constrs/lpsc_mandelbrot_firmware.xdc">
      <FileInfo>
        <Attr Name="UsedIn" Val="synthesis"/>
        <Attr Name="UsedIn" Val="implementation"/>
      </FileInfo>
    </File>
    <File Path="$PPRDIR/../../src/constrs/lpsc_mandelbrot_debug.xdc">
      <FileInfo>
        <Attr Name="UsedIn" Val="synthesis"/>
        <Attr Name="UsedIn" Val="implementation"/>
      </FileInfo>
    </File>
    <Config>
      <Option Name="ConstrsType" Val="XDC"/>
    </Config>
  </FileSet>
  <FileSet Name="utils" Type="Utils" RelSrcDir="$PSRCDIR/utils_1">
    <Filter Type="Utils"/>
    <File Path="$PSRCDIR/utils_1/imports/synth_1/lpsc_mandelbrot_firmware.dcp">
      <FileInfo>
        <Attr Name="UsedIn" Val="synthesis"/>
        <Attr Name="UsedIn" Val="implementation"/>
        <Attr Name="UsedInSteps" Val="synth_1"/>
        <Attr Name="AutoDcp" Val="1"/>
      </FileInfo>
    </File>
    <File Path="$PPRDIR/../../../../../../../Users/quent/Documents/HES-SO__Local/LPSC_labo/lpsc-mandelbrot/designs/vivado/lpsc_mandelbrot_firmware/2021.2/lin64/lpsc_mandelbrot_firmware/lpsc_mandelbrot_firmware.srcs/utils_1/imports/synth_1/lpsc_mandelbrot_firmware.dcp">
      <FileInfo>
        <Attr Name="UsedIn" Val="synthesis"/>
        <Attr Name="UsedIn" Val="implementation"/>
        <Attr Name="UsedInSteps" Val="synth_1"/>
        <Attr Name="AutoDcp" Val="1"/>
      </FileInfo>
    </File>
    <Config>
      <Option Name="TopAutoSet" Val="TRUE"/>
    </Config>
  </FileSet>
  <Strategy Version="1" Minor="2">
    <StratHandle Name="Vivado Implementation Defaults" Flow="Vivado Implementation 2021"/>
    <Step Id="init_design"/>
    <Step Id="opt_design"/>
    <Step Id="power_opt_design"/>
    <Step Id="place_design"/>
    <Step Id="post_place_power_opt_design"/>
    <Step Id="phys_opt_design"/>
    <Step Id="route_design"/>
    <Step Id="post_route_phys_opt_design"/>
    <Step Id="write_bitstream"/>
  </Strategy>
  <BlockFileSet Type="BlockSrcs" Name="genTOhdmi"/>
  <BlockFileSet Type="BlockSrcs" Name="mandelbrot_stateMachine_0"/>
</GenRun>
